--------------------------------------------------------
--  File created - Monday-December-19-2022   
--------------------------------------------------------
--------------------------------------------------------
--  DDL for Table BONUS
--------------------------------------------------------

  CREATE TABLE "CPAPAI"."BONUS" 
   (	"ENAME" VARCHAR2(10 BYTE), 
	"JOB" VARCHAR2(9 BYTE), 
	"SAL" NUMBER, 
	"COMM" NUMBER
   ) SEGMENT CREATION IMMEDIATE 
  PCTFREE 10 PCTUSED 40 INITRANS 1 MAXTRANS 255 
 ROW STORE COMPRESS ADVANCED LOGGING
  STORAGE(INITIAL 16384 NEXT 16384 MINEXTENTS 1 MAXEXTENTS 2147483645
  PCTINCREASE 0 FREELISTS 1 FREELIST GROUPS 1
  BUFFER_POOL DEFAULT FLASH_CACHE DEFAULT CELL_FLASH_CACHE DEFAULT)
  TABLESPACE "II_DATA" ;
--------------------------------------------------------
--  DDL for Table COMMENTS
--------------------------------------------------------

  CREATE TABLE "CPAPAI"."COMMENTS" 
   (	"ID" NUMBER(*,0), 
	"COMMENT_TEXT" VARCHAR2(255 BYTE), 
	"CREATED_AT" TIMESTAMP (6) DEFAULT current_timestamp, 
	"PHOTO_ID" NUMBER(*,0), 
	"USER_ID" NUMBER(*,0)
   ) SEGMENT CREATION IMMEDIATE 
  PCTFREE 10 PCTUSED 40 INITRANS 1 MAXTRANS 255 
 ROW STORE COMPRESS ADVANCED LOGGING
  STORAGE(INITIAL 16384 NEXT 16384 MINEXTENTS 1 MAXEXTENTS 2147483645
  PCTINCREASE 0 FREELISTS 1 FREELIST GROUPS 1
  BUFFER_POOL DEFAULT FLASH_CACHE DEFAULT CELL_FLASH_CACHE DEFAULT)
  TABLESPACE "II_DATA" ;
--------------------------------------------------------
--  DDL for Table DEPT
--------------------------------------------------------

  CREATE TABLE "CPAPAI"."DEPT" 
   (	"DEPTNO" NUMBER(2,0), 
	"DNAME" VARCHAR2(14 BYTE), 
	"LOC" VARCHAR2(13 BYTE)
   ) SEGMENT CREATION IMMEDIATE 
  PCTFREE 10 PCTUSED 40 INITRANS 1 MAXTRANS 255 
 ROW STORE COMPRESS ADVANCED LOGGING
  STORAGE(INITIAL 16384 NEXT 16384 MINEXTENTS 1 MAXEXTENTS 2147483645
  PCTINCREASE 0 FREELISTS 1 FREELIST GROUPS 1
  BUFFER_POOL DEFAULT FLASH_CACHE DEFAULT CELL_FLASH_CACHE DEFAULT)
  TABLESPACE "II_DATA" ;
--------------------------------------------------------
--  DDL for Table EMP
--------------------------------------------------------

  CREATE TABLE "CPAPAI"."EMP" 
   (	"EMPNO" NUMBER(4,0), 
	"ENAME" VARCHAR2(6 BYTE), 
	"JOB" VARCHAR2(8 BYTE), 
	"MGR" NUMBER(4,0), 
	"HIREDATE" DATE, 
	"SAL" NUMBER(7,2), 
	"COMM" NUMBER(7,2), 
	"DEPTNO" NUMBER(2,0)
   ) SEGMENT CREATION IMMEDIATE 
  PCTFREE 10 PCTUSED 40 INITRANS 1 MAXTRANS 255 
 ROW STORE COMPRESS ADVANCED LOGGING
  STORAGE(INITIAL 16384 NEXT 16384 MINEXTENTS 1 MAXEXTENTS 2147483645
  PCTINCREASE 0 FREELISTS 1 FREELIST GROUPS 1
  BUFFER_POOL DEFAULT FLASH_CACHE DEFAULT CELL_FLASH_CACHE DEFAULT)
  TABLESPACE "II_DATA" ;
--------------------------------------------------------
--  DDL for Table FOLLOWS
--------------------------------------------------------

  CREATE TABLE "CPAPAI"."FOLLOWS" 
   (	"FOLLOWER_ID" NUMBER(*,0), 
	"FOLLOWEE_ID" NUMBER(*,0)
   ) SEGMENT CREATION IMMEDIATE 
  PCTFREE 10 PCTUSED 40 INITRANS 1 MAXTRANS 255 
 ROW STORE COMPRESS ADVANCED LOGGING
  STORAGE(INITIAL 16384 NEXT 16384 MINEXTENTS 1 MAXEXTENTS 2147483645
  PCTINCREASE 0 FREELISTS 1 FREELIST GROUPS 1
  BUFFER_POOL DEFAULT FLASH_CACHE DEFAULT CELL_FLASH_CACHE DEFAULT)
  TABLESPACE "II_DATA" ;
--------------------------------------------------------
--  DDL for Table LIKES
--------------------------------------------------------

  CREATE TABLE "CPAPAI"."LIKES" 
   (	"CREATED_AT" TIMESTAMP (6) DEFAULT current_timestamp, 
	"PHOTO_ID" NUMBER(*,0), 
	"USER_ID" NUMBER(*,0)
   ) SEGMENT CREATION IMMEDIATE 
  PCTFREE 10 PCTUSED 40 INITRANS 1 MAXTRANS 255 
 ROW STORE COMPRESS ADVANCED LOGGING
  STORAGE(INITIAL 16384 NEXT 16384 MINEXTENTS 1 MAXEXTENTS 2147483645
  PCTINCREASE 0 FREELISTS 1 FREELIST GROUPS 1
  BUFFER_POOL DEFAULT FLASH_CACHE DEFAULT CELL_FLASH_CACHE DEFAULT)
  TABLESPACE "II_DATA" ;
--------------------------------------------------------
--  DDL for Table LOCATION_INDEXES
--------------------------------------------------------

  CREATE TABLE "CPAPAI"."LOCATION_INDEXES" 
   (	"ID" NUMBER(*,0), 
	"LOCATION" VARCHAR2(100 BYTE), 
	"PHOTO_ID" NUMBER(*,0)
   ) SEGMENT CREATION IMMEDIATE 
  PCTFREE 10 PCTUSED 40 INITRANS 1 MAXTRANS 255 
 ROW STORE COMPRESS ADVANCED LOGGING
  STORAGE(INITIAL 16384 NEXT 16384 MINEXTENTS 1 MAXEXTENTS 2147483645
  PCTINCREASE 0 FREELISTS 1 FREELIST GROUPS 1
  BUFFER_POOL DEFAULT FLASH_CACHE DEFAULT CELL_FLASH_CACHE DEFAULT)
  TABLESPACE "II_DATA" ;
--------------------------------------------------------
--  DDL for Table PHOTOS
--------------------------------------------------------

  CREATE TABLE "CPAPAI"."PHOTOS" 
   (	"ID" NUMBER(*,0), 
	"IMAGE_URL" VARCHAR2(255 BYTE), 
	"USER_ID" NUMBER(*,0)
   ) SEGMENT CREATION IMMEDIATE 
  PCTFREE 10 PCTUSED 40 INITRANS 1 MAXTRANS 255 
 ROW STORE COMPRESS ADVANCED LOGGING
  STORAGE(INITIAL 16384 NEXT 16384 MINEXTENTS 1 MAXEXTENTS 2147483645
  PCTINCREASE 0 FREELISTS 1 FREELIST GROUPS 1
  BUFFER_POOL DEFAULT FLASH_CACHE DEFAULT CELL_FLASH_CACHE DEFAULT)
  TABLESPACE "II_DATA" ;
--------------------------------------------------------
--  DDL for Table PHOTO_TAGS
--------------------------------------------------------

  CREATE TABLE "CPAPAI"."PHOTO_TAGS" 
   (	"PHOTO_ID" NUMBER(*,0), 
	"TAG_ID" NUMBER(*,0)
   ) SEGMENT CREATION IMMEDIATE 
  PCTFREE 10 PCTUSED 40 INITRANS 1 MAXTRANS 255 
 ROW STORE COMPRESS ADVANCED LOGGING
  STORAGE(INITIAL 16384 NEXT 16384 MINEXTENTS 1 MAXEXTENTS 2147483645
  PCTINCREASE 0 FREELISTS 1 FREELIST GROUPS 1
  BUFFER_POOL DEFAULT FLASH_CACHE DEFAULT CELL_FLASH_CACHE DEFAULT)
  TABLESPACE "II_DATA" ;
--------------------------------------------------------
--  DDL for Table SALGRADE
--------------------------------------------------------

  CREATE TABLE "CPAPAI"."SALGRADE" 
   (	"GRADE" NUMBER, 
	"LOSAL" NUMBER, 
	"HISAL" NUMBER
   ) SEGMENT CREATION IMMEDIATE 
  PCTFREE 10 PCTUSED 40 INITRANS 1 MAXTRANS 255 
 ROW STORE COMPRESS ADVANCED LOGGING
  STORAGE(INITIAL 16384 NEXT 16384 MINEXTENTS 1 MAXEXTENTS 2147483645
  PCTINCREASE 0 FREELISTS 1 FREELIST GROUPS 1
  BUFFER_POOL DEFAULT FLASH_CACHE DEFAULT CELL_FLASH_CACHE DEFAULT)
  TABLESPACE "II_DATA" ;
--------------------------------------------------------
--  DDL for Table SEARCH_INDEXES
--------------------------------------------------------

  CREATE TABLE "CPAPAI"."SEARCH_INDEXES" 
   (	"ID" NUMBER(*,0), 
	"TEXT" VARCHAR2(255 BYTE), 
	"USER_ID" NUMBER(*,0)
   ) SEGMENT CREATION IMMEDIATE 
  PCTFREE 10 PCTUSED 40 INITRANS 1 MAXTRANS 255 
 ROW STORE COMPRESS ADVANCED LOGGING
  STORAGE(INITIAL 16384 NEXT 16384 MINEXTENTS 1 MAXEXTENTS 2147483645
  PCTINCREASE 0 FREELISTS 1 FREELIST GROUPS 1
  BUFFER_POOL DEFAULT FLASH_CACHE DEFAULT CELL_FLASH_CACHE DEFAULT)
  TABLESPACE "II_DATA" ;
--------------------------------------------------------
--  DDL for Table STORIES
--------------------------------------------------------

  CREATE TABLE "CPAPAI"."STORIES" 
   (	"ID" NUMBER(*,0), 
	"IMAGE_URL" VARCHAR2(255 BYTE), 
	"USER_ID" NUMBER(*,0)
   ) SEGMENT CREATION IMMEDIATE 
  PCTFREE 10 PCTUSED 40 INITRANS 1 MAXTRANS 255 
 ROW STORE COMPRESS ADVANCED LOGGING
  STORAGE(INITIAL 16384 NEXT 16384 MINEXTENTS 1 MAXEXTENTS 2147483645
  PCTINCREASE 0 FREELISTS 1 FREELIST GROUPS 1
  BUFFER_POOL DEFAULT FLASH_CACHE DEFAULT CELL_FLASH_CACHE DEFAULT)
  TABLESPACE "II_DATA" ;
--------------------------------------------------------
--  DDL for Table TAGS
--------------------------------------------------------

  CREATE TABLE "CPAPAI"."TAGS" 
   (	"ID" NUMBER(*,0), 
	"TAG_NAME" VARCHAR2(255 BYTE)
   ) SEGMENT CREATION IMMEDIATE 
  PCTFREE 10 PCTUSED 40 INITRANS 1 MAXTRANS 255 
 ROW STORE COMPRESS ADVANCED LOGGING
  STORAGE(INITIAL 16384 NEXT 16384 MINEXTENTS 1 MAXEXTENTS 2147483645
  PCTINCREASE 0 FREELISTS 1 FREELIST GROUPS 1
  BUFFER_POOL DEFAULT FLASH_CACHE DEFAULT CELL_FLASH_CACHE DEFAULT)
  TABLESPACE "II_DATA" ;
--------------------------------------------------------
--  DDL for Table USERS
--------------------------------------------------------

  CREATE TABLE "CPAPAI"."USERS" 
   (	"ID" NUMBER(*,0), 
	"USER_NAME" VARCHAR2(40 BYTE), 
	"CREATED_AT" TIMESTAMP (6) DEFAULT current_timestamp
   ) SEGMENT CREATION IMMEDIATE 
  PCTFREE 10 PCTUSED 40 INITRANS 1 MAXTRANS 255 
 ROW STORE COMPRESS ADVANCED LOGGING
  STORAGE(INITIAL 16384 NEXT 16384 MINEXTENTS 1 MAXEXTENTS 2147483645
  PCTINCREASE 0 FREELISTS 1 FREELIST GROUPS 1
  BUFFER_POOL DEFAULT FLASH_CACHE DEFAULT CELL_FLASH_CACHE DEFAULT)
  TABLESPACE "II_DATA" ;
REM INSERTING into CPAPAI.BONUS
SET DEFINE OFF;
Insert into CPAPAI.BONUS (ENAME,JOB,SAL,COMM) values ('kk','3',3,3);
REM INSERTING into CPAPAI.COMMENTS
SET DEFINE OFF;
Insert into CPAPAI.COMMENTS (ID,COMMENT_TEXT,CREATED_AT,PHOTO_ID,USER_ID) values (1,'nice',to_timestamp('11-DEC-22 09.00.18.741786000 PM','DD-MON-RR HH.MI.SSXFF AM'),1,2);
Insert into CPAPAI.COMMENTS (ID,COMMENT_TEXT,CREATED_AT,PHOTO_ID,USER_ID) values (2,'beatiful',to_timestamp('11-DEC-22 09.00.18.788001000 PM','DD-MON-RR HH.MI.SSXFF AM'),2,1);
Insert into CPAPAI.COMMENTS (ID,COMMENT_TEXT,CREATED_AT,PHOTO_ID,USER_ID) values (3,'i like it',to_timestamp('11-DEC-22 09.00.18.794486000 PM','DD-MON-RR HH.MI.SSXFF AM'),1,3);
Insert into CPAPAI.COMMENTS (ID,COMMENT_TEXT,CREATED_AT,PHOTO_ID,USER_ID) values (4,'amazing',to_timestamp('11-DEC-22 09.00.18.799793000 PM','DD-MON-RR HH.MI.SSXFF AM'),3,1);
Insert into CPAPAI.COMMENTS (ID,COMMENT_TEXT,CREATED_AT,PHOTO_ID,USER_ID) values (5,'nice view',to_timestamp('11-DEC-22 09.00.18.805401000 PM','DD-MON-RR HH.MI.SSXFF AM'),4,1);
Insert into CPAPAI.COMMENTS (ID,COMMENT_TEXT,CREATED_AT,PHOTO_ID,USER_ID) values (6,'lovely',to_timestamp('11-DEC-22 09.00.18.810458000 PM','DD-MON-RR HH.MI.SSXFF AM'),2,3);
Insert into CPAPAI.COMMENTS (ID,COMMENT_TEXT,CREATED_AT,PHOTO_ID,USER_ID) values (7,'good luck',to_timestamp('11-DEC-22 09.00.18.815856000 PM','DD-MON-RR HH.MI.SSXFF AM'),1,5);
REM INSERTING into CPAPAI.DEPT
SET DEFINE OFF;
Insert into CPAPAI.DEPT (DEPTNO,DNAME,LOC) values (10,'ACCOUNTING','NEW YORK');
Insert into CPAPAI.DEPT (DEPTNO,DNAME,LOC) values (20,'RESEARCH','DALLAS');
Insert into CPAPAI.DEPT (DEPTNO,DNAME,LOC) values (30,'SALES','CHICAGO');
Insert into CPAPAI.DEPT (DEPTNO,DNAME,LOC) values (40,'OPERATIONS','BOSTON');
REM INSERTING into CPAPAI.EMP
SET DEFINE OFF;
Insert into CPAPAI.EMP (EMPNO,ENAME,JOB,MGR,HIREDATE,SAL,COMM,DEPTNO) values (7369,'SMITH','CLERK',7902,to_date('17-DEC-80','DD-MON-RR'),800,null,20);
Insert into CPAPAI.EMP (EMPNO,ENAME,JOB,MGR,HIREDATE,SAL,COMM,DEPTNO) values (7499,'ALLEN','SALESMAN',7698,to_date('20-FEB-81','DD-MON-RR'),1600,300,30);
Insert into CPAPAI.EMP (EMPNO,ENAME,JOB,MGR,HIREDATE,SAL,COMM,DEPTNO) values (7521,'WARD','SALESMAN',7698,to_date('22-FEB-81','DD-MON-RR'),1250,500,30);
Insert into CPAPAI.EMP (EMPNO,ENAME,JOB,MGR,HIREDATE,SAL,COMM,DEPTNO) values (7566,'JONES','MANAGER',7839,to_date('02-APR-81','DD-MON-RR'),2975,null,20);
Insert into CPAPAI.EMP (EMPNO,ENAME,JOB,MGR,HIREDATE,SAL,COMM,DEPTNO) values (7654,'MARTIN','SALESMAN',7698,to_date('28-SEP-81','DD-MON-RR'),1250,1400,30);
Insert into CPAPAI.EMP (EMPNO,ENAME,JOB,MGR,HIREDATE,SAL,COMM,DEPTNO) values (7698,'BLAKE','MANAGER',7839,to_date('01-MAY-81','DD-MON-RR'),2850,null,30);
Insert into CPAPAI.EMP (EMPNO,ENAME,JOB,MGR,HIREDATE,SAL,COMM,DEPTNO) values (7782,'CLARK','MANAGER',7839,to_date('09-JUN-81','DD-MON-RR'),2450,null,10);
Insert into CPAPAI.EMP (EMPNO,ENAME,JOB,MGR,HIREDATE,SAL,COMM,DEPTNO) values (7788,'SCOTT','ANALYST',7566,to_date('19-APR-87','DD-MON-RR'),3000,null,20);
Insert into CPAPAI.EMP (EMPNO,ENAME,JOB,MGR,HIREDATE,SAL,COMM,DEPTNO) values (7839,'KING','CHAIRMAN',null,to_date('17-NOV-81','DD-MON-RR'),5000,null,10);
Insert into CPAPAI.EMP (EMPNO,ENAME,JOB,MGR,HIREDATE,SAL,COMM,DEPTNO) values (7844,'TURNER','SALESMAN',7698,to_date('08-SEP-81','DD-MON-RR'),1500,0,30);
Insert into CPAPAI.EMP (EMPNO,ENAME,JOB,MGR,HIREDATE,SAL,COMM,DEPTNO) values (7876,'ADAMS','CLERK',7788,to_date('23-MAY-87','DD-MON-RR'),1100,null,20);
Insert into CPAPAI.EMP (EMPNO,ENAME,JOB,MGR,HIREDATE,SAL,COMM,DEPTNO) values (7900,'JAMES','CLERK',7698,to_date('03-DEC-81','DD-MON-RR'),950,null,30);
Insert into CPAPAI.EMP (EMPNO,ENAME,JOB,MGR,HIREDATE,SAL,COMM,DEPTNO) values (7902,'FORD','ANALYST',7566,to_date('03-DEC-81','DD-MON-RR'),3000,null,20);
Insert into CPAPAI.EMP (EMPNO,ENAME,JOB,MGR,HIREDATE,SAL,COMM,DEPTNO) values (7934,'MILLER','CLERK',7782,to_date('23-JAN-82','DD-MON-RR'),1300,null,10);
REM INSERTING into CPAPAI.FOLLOWS
SET DEFINE OFF;
Insert into CPAPAI.FOLLOWS (FOLLOWER_ID,FOLLOWEE_ID) values (1,2);
Insert into CPAPAI.FOLLOWS (FOLLOWER_ID,FOLLOWEE_ID) values (1,3);
Insert into CPAPAI.FOLLOWS (FOLLOWER_ID,FOLLOWEE_ID) values (1,4);
Insert into CPAPAI.FOLLOWS (FOLLOWER_ID,FOLLOWEE_ID) values (1,5);
Insert into CPAPAI.FOLLOWS (FOLLOWER_ID,FOLLOWEE_ID) values (2,1);
Insert into CPAPAI.FOLLOWS (FOLLOWER_ID,FOLLOWEE_ID) values (3,1);
Insert into CPAPAI.FOLLOWS (FOLLOWER_ID,FOLLOWEE_ID) values (4,1);
Insert into CPAPAI.FOLLOWS (FOLLOWER_ID,FOLLOWEE_ID) values (4,2);
Insert into CPAPAI.FOLLOWS (FOLLOWER_ID,FOLLOWEE_ID) values (5,1);
Insert into CPAPAI.FOLLOWS (FOLLOWER_ID,FOLLOWEE_ID) values (5,2);
Insert into CPAPAI.FOLLOWS (FOLLOWER_ID,FOLLOWEE_ID) values (5,3);
Insert into CPAPAI.FOLLOWS (FOLLOWER_ID,FOLLOWEE_ID) values (6,1);
REM INSERTING into CPAPAI.LIKES
SET DEFINE OFF;
Insert into CPAPAI.LIKES (CREATED_AT,PHOTO_ID,USER_ID) values (to_timestamp('11-DEC-22 09.03.28.094712000 PM','DD-MON-RR HH.MI.SSXFF AM'),1,2);
Insert into CPAPAI.LIKES (CREATED_AT,PHOTO_ID,USER_ID) values (to_timestamp('11-DEC-22 09.03.28.120484000 PM','DD-MON-RR HH.MI.SSXFF AM'),1,3);
Insert into CPAPAI.LIKES (CREATED_AT,PHOTO_ID,USER_ID) values (to_timestamp('11-DEC-22 09.03.28.125640000 PM','DD-MON-RR HH.MI.SSXFF AM'),1,4);
Insert into CPAPAI.LIKES (CREATED_AT,PHOTO_ID,USER_ID) values (to_timestamp('11-DEC-22 09.03.28.130552000 PM','DD-MON-RR HH.MI.SSXFF AM'),2,1);
Insert into CPAPAI.LIKES (CREATED_AT,PHOTO_ID,USER_ID) values (to_timestamp('11-DEC-22 09.03.28.135851000 PM','DD-MON-RR HH.MI.SSXFF AM'),3,4);
Insert into CPAPAI.LIKES (CREATED_AT,PHOTO_ID,USER_ID) values (to_timestamp('11-DEC-22 09.03.28.141186000 PM','DD-MON-RR HH.MI.SSXFF AM'),1,5);
Insert into CPAPAI.LIKES (CREATED_AT,PHOTO_ID,USER_ID) values (to_timestamp('11-DEC-22 09.03.28.152443000 PM','DD-MON-RR HH.MI.SSXFF AM'),4,2);
Insert into CPAPAI.LIKES (CREATED_AT,PHOTO_ID,USER_ID) values (to_timestamp('11-DEC-22 09.03.28.157550000 PM','DD-MON-RR HH.MI.SSXFF AM'),2,3);
Insert into CPAPAI.LIKES (CREATED_AT,PHOTO_ID,USER_ID) values (to_timestamp('11-DEC-22 09.03.28.165426000 PM','DD-MON-RR HH.MI.SSXFF AM'),3,1);
Insert into CPAPAI.LIKES (CREATED_AT,PHOTO_ID,USER_ID) values (to_timestamp('11-DEC-22 09.03.28.200930000 PM','DD-MON-RR HH.MI.SSXFF AM'),1,6);
Insert into CPAPAI.LIKES (CREATED_AT,PHOTO_ID,USER_ID) values (to_timestamp('11-DEC-22 09.03.28.207366000 PM','DD-MON-RR HH.MI.SSXFF AM'),5,1);
Insert into CPAPAI.LIKES (CREATED_AT,PHOTO_ID,USER_ID) values (to_timestamp('11-DEC-22 09.22.53.847486000 PM','DD-MON-RR HH.MI.SSXFF AM'),11,1);
Insert into CPAPAI.LIKES (CREATED_AT,PHOTO_ID,USER_ID) values (to_timestamp('11-DEC-22 09.22.53.852155000 PM','DD-MON-RR HH.MI.SSXFF AM'),12,2);
Insert into CPAPAI.LIKES (CREATED_AT,PHOTO_ID,USER_ID) values (to_timestamp('11-DEC-22 09.22.53.855585000 PM','DD-MON-RR HH.MI.SSXFF AM'),13,3);
Insert into CPAPAI.LIKES (CREATED_AT,PHOTO_ID,USER_ID) values (to_timestamp('11-DEC-22 09.22.53.858638000 PM','DD-MON-RR HH.MI.SSXFF AM'),14,4);
Insert into CPAPAI.LIKES (CREATED_AT,PHOTO_ID,USER_ID) values (to_timestamp('11-DEC-22 09.22.53.861865000 PM','DD-MON-RR HH.MI.SSXFF AM'),10,1);
Insert into CPAPAI.LIKES (CREATED_AT,PHOTO_ID,USER_ID) values (to_timestamp('11-DEC-22 09.22.53.865146000 PM','DD-MON-RR HH.MI.SSXFF AM'),2,6);
Insert into CPAPAI.LIKES (CREATED_AT,PHOTO_ID,USER_ID) values (to_timestamp('11-DEC-22 09.22.53.869360000 PM','DD-MON-RR HH.MI.SSXFF AM'),3,6);
Insert into CPAPAI.LIKES (CREATED_AT,PHOTO_ID,USER_ID) values (to_timestamp('11-DEC-22 09.22.53.872590000 PM','DD-MON-RR HH.MI.SSXFF AM'),4,6);
Insert into CPAPAI.LIKES (CREATED_AT,PHOTO_ID,USER_ID) values (to_timestamp('11-DEC-22 09.22.53.875360000 PM','DD-MON-RR HH.MI.SSXFF AM'),5,4);
Insert into CPAPAI.LIKES (CREATED_AT,PHOTO_ID,USER_ID) values (to_timestamp('11-DEC-22 09.22.53.877804000 PM','DD-MON-RR HH.MI.SSXFF AM'),7,3);
Insert into CPAPAI.LIKES (CREATED_AT,PHOTO_ID,USER_ID) values (to_timestamp('11-DEC-22 09.22.53.880854000 PM','DD-MON-RR HH.MI.SSXFF AM'),8,5);
Insert into CPAPAI.LIKES (CREATED_AT,PHOTO_ID,USER_ID) values (to_timestamp('11-DEC-22 09.22.53.883744000 PM','DD-MON-RR HH.MI.SSXFF AM'),9,2);
Insert into CPAPAI.LIKES (CREATED_AT,PHOTO_ID,USER_ID) values (to_timestamp('11-DEC-22 09.22.53.886785000 PM','DD-MON-RR HH.MI.SSXFF AM'),11,6);
Insert into CPAPAI.LIKES (CREATED_AT,PHOTO_ID,USER_ID) values (to_timestamp('11-DEC-22 09.22.53.889913000 PM','DD-MON-RR HH.MI.SSXFF AM'),15,1);
Insert into CPAPAI.LIKES (CREATED_AT,PHOTO_ID,USER_ID) values (to_timestamp('11-DEC-22 09.22.53.892844000 PM','DD-MON-RR HH.MI.SSXFF AM'),16,2);
Insert into CPAPAI.LIKES (CREATED_AT,PHOTO_ID,USER_ID) values (to_timestamp('11-DEC-22 09.22.53.895645000 PM','DD-MON-RR HH.MI.SSXFF AM'),14,3);
REM INSERTING into CPAPAI.LOCATION_INDEXES
SET DEFINE OFF;
Insert into CPAPAI.LOCATION_INDEXES (ID,LOCATION,PHOTO_ID) values (1,'Warsaw',1);
Insert into CPAPAI.LOCATION_INDEXES (ID,LOCATION,PHOTO_ID) values (2,'Cluj-Napoca',2);
Insert into CPAPAI.LOCATION_INDEXES (ID,LOCATION,PHOTO_ID) values (3,'Warsaw',4);
Insert into CPAPAI.LOCATION_INDEXES (ID,LOCATION,PHOTO_ID) values (4,'Amsterdam',5);
Insert into CPAPAI.LOCATION_INDEXES (ID,LOCATION,PHOTO_ID) values (5,'New York',3);
Insert into CPAPAI.LOCATION_INDEXES (ID,LOCATION,PHOTO_ID) values (6,'Lublin',6);
Insert into CPAPAI.LOCATION_INDEXES (ID,LOCATION,PHOTO_ID) values (7,'New York',10);
Insert into CPAPAI.LOCATION_INDEXES (ID,LOCATION,PHOTO_ID) values (8,'Reghin',11);
Insert into CPAPAI.LOCATION_INDEXES (ID,LOCATION,PHOTO_ID) values (9,'Reghin',12);
Insert into CPAPAI.LOCATION_INDEXES (ID,LOCATION,PHOTO_ID) values (10,'Warsaw',13);
Insert into CPAPAI.LOCATION_INDEXES (ID,LOCATION,PHOTO_ID) values (11,'Budapest',7);
Insert into CPAPAI.LOCATION_INDEXES (ID,LOCATION,PHOTO_ID) values (12,'Budapest',8);
Insert into CPAPAI.LOCATION_INDEXES (ID,LOCATION,PHOTO_ID) values (13,'Budapest',9);
Insert into CPAPAI.LOCATION_INDEXES (ID,LOCATION,PHOTO_ID) values (14,'Reghin',15);
REM INSERTING into CPAPAI.PHOTOS
SET DEFINE OFF;
Insert into CPAPAI.PHOTOS (ID,IMAGE_URL,USER_ID) values (1,'https://jennings.biz',1);
Insert into CPAPAI.PHOTOS (ID,IMAGE_URL,USER_ID) values (2,'https://elenor.name',1);
Insert into CPAPAI.PHOTOS (ID,IMAGE_URL,USER_ID) values (3,'http://ignacio.net',2);
Insert into CPAPAI.PHOTOS (ID,IMAGE_URL,USER_ID) values (4,'https://abagail.com',3);
Insert into CPAPAI.PHOTOS (ID,IMAGE_URL,USER_ID) values (5,'http://megane.biz',5);
Insert into CPAPAI.PHOTOS (ID,IMAGE_URL,USER_ID) values (6,'https://bryce.org',5);
Insert into CPAPAI.PHOTOS (ID,IMAGE_URL,USER_ID) values (7,'http://emery.net',4);
Insert into CPAPAI.PHOTOS (ID,IMAGE_URL,USER_ID) values (8,'https://geoffrey.info',1);
Insert into CPAPAI.PHOTOS (ID,IMAGE_URL,USER_ID) values (9,'https://julian.net',2);
Insert into CPAPAI.PHOTOS (ID,IMAGE_URL,USER_ID) values (10,'http://marcellus.info',3);
Insert into CPAPAI.PHOTOS (ID,IMAGE_URL,USER_ID) values (11,'http://ted.info',4);
Insert into CPAPAI.PHOTOS (ID,IMAGE_URL,USER_ID) values (12,'https://glenda.info',5);
Insert into CPAPAI.PHOTOS (ID,IMAGE_URL,USER_ID) values (13,'https://mac.org',6);
Insert into CPAPAI.PHOTOS (ID,IMAGE_URL,USER_ID) values (14,'http://germaine.name',6);
Insert into CPAPAI.PHOTOS (ID,IMAGE_URL,USER_ID) values (15,'http://destini.net',6);
Insert into CPAPAI.PHOTOS (ID,IMAGE_URL,USER_ID) values (16,'https://helmer.org',3);
REM INSERTING into CPAPAI.PHOTO_TAGS
SET DEFINE OFF;
Insert into CPAPAI.PHOTO_TAGS (PHOTO_ID,TAG_ID) values (1,1);
Insert into CPAPAI.PHOTO_TAGS (PHOTO_ID,TAG_ID) values (1,2);
Insert into CPAPAI.PHOTO_TAGS (PHOTO_ID,TAG_ID) values (1,3);
Insert into CPAPAI.PHOTO_TAGS (PHOTO_ID,TAG_ID) values (1,10);
Insert into CPAPAI.PHOTO_TAGS (PHOTO_ID,TAG_ID) values (2,1);
Insert into CPAPAI.PHOTO_TAGS (PHOTO_ID,TAG_ID) values (2,4);
Insert into CPAPAI.PHOTO_TAGS (PHOTO_ID,TAG_ID) values (2,9);
Insert into CPAPAI.PHOTO_TAGS (PHOTO_ID,TAG_ID) values (3,1);
Insert into CPAPAI.PHOTO_TAGS (PHOTO_ID,TAG_ID) values (3,5);
Insert into CPAPAI.PHOTO_TAGS (PHOTO_ID,TAG_ID) values (4,3);
Insert into CPAPAI.PHOTO_TAGS (PHOTO_ID,TAG_ID) values (5,2);
Insert into CPAPAI.PHOTO_TAGS (PHOTO_ID,TAG_ID) values (5,6);
Insert into CPAPAI.PHOTO_TAGS (PHOTO_ID,TAG_ID) values (5,7);
Insert into CPAPAI.PHOTO_TAGS (PHOTO_ID,TAG_ID) values (6,7);
Insert into CPAPAI.PHOTO_TAGS (PHOTO_ID,TAG_ID) values (6,8);
Insert into CPAPAI.PHOTO_TAGS (PHOTO_ID,TAG_ID) values (7,7);
Insert into CPAPAI.PHOTO_TAGS (PHOTO_ID,TAG_ID) values (8,5);
Insert into CPAPAI.PHOTO_TAGS (PHOTO_ID,TAG_ID) values (9,1);
Insert into CPAPAI.PHOTO_TAGS (PHOTO_ID,TAG_ID) values (9,8);
Insert into CPAPAI.PHOTO_TAGS (PHOTO_ID,TAG_ID) values (10,2);
Insert into CPAPAI.PHOTO_TAGS (PHOTO_ID,TAG_ID) values (10,3);
Insert into CPAPAI.PHOTO_TAGS (PHOTO_ID,TAG_ID) values (11,3);
Insert into CPAPAI.PHOTO_TAGS (PHOTO_ID,TAG_ID) values (11,4);
Insert into CPAPAI.PHOTO_TAGS (PHOTO_ID,TAG_ID) values (12,5);
Insert into CPAPAI.PHOTO_TAGS (PHOTO_ID,TAG_ID) values (12,7);
Insert into CPAPAI.PHOTO_TAGS (PHOTO_ID,TAG_ID) values (13,6);
Insert into CPAPAI.PHOTO_TAGS (PHOTO_ID,TAG_ID) values (14,8);
Insert into CPAPAI.PHOTO_TAGS (PHOTO_ID,TAG_ID) values (15,9);
REM INSERTING into CPAPAI.SALGRADE
SET DEFINE OFF;
Insert into CPAPAI.SALGRADE (GRADE,LOSAL,HISAL) values (1,700,1200);
Insert into CPAPAI.SALGRADE (GRADE,LOSAL,HISAL) values (2,1201,1400);
Insert into CPAPAI.SALGRADE (GRADE,LOSAL,HISAL) values (3,1401,2000);
Insert into CPAPAI.SALGRADE (GRADE,LOSAL,HISAL) values (4,2001,3000);
Insert into CPAPAI.SALGRADE (GRADE,LOSAL,HISAL) values (5,3001,9999);
REM INSERTING into CPAPAI.SEARCH_INDEXES
SET DEFINE OFF;
Insert into CPAPAI.SEARCH_INDEXES (ID,TEXT,USER_ID) values (1,'worldcup',1);
Insert into CPAPAI.SEARCH_INDEXES (ID,TEXT,USER_ID) values (2,'ronaldo',1);
Insert into CPAPAI.SEARCH_INDEXES (ID,TEXT,USER_ID) values (3,'ronaldo',2);
Insert into CPAPAI.SEARCH_INDEXES (ID,TEXT,USER_ID) values (4,'fekete',1);
Insert into CPAPAI.SEARCH_INDEXES (ID,TEXT,USER_ID) values (5,'sergiu',1);
Insert into CPAPAI.SEARCH_INDEXES (ID,TEXT,USER_ID) values (6,'zsolti',3);
Insert into CPAPAI.SEARCH_INDEXES (ID,TEXT,USER_ID) values (7,'worldcup',4);
Insert into CPAPAI.SEARCH_INDEXES (ID,TEXT,USER_ID) values (8,'portugal',5);
Insert into CPAPAI.SEARCH_INDEXES (ID,TEXT,USER_ID) values (9,'zsolti',6);
Insert into CPAPAI.SEARCH_INDEXES (ID,TEXT,USER_ID) values (10,'zsolti',5);
Insert into CPAPAI.SEARCH_INDEXES (ID,TEXT,USER_ID) values (11,'zsolti',2);
REM INSERTING into CPAPAI.STORIES
SET DEFINE OFF;
Insert into CPAPAI.STORIES (ID,IMAGE_URL,USER_ID) values (1,'http://camille.name',1);
Insert into CPAPAI.STORIES (ID,IMAGE_URL,USER_ID) values (2,'https://woodrow.com',1);
Insert into CPAPAI.STORIES (ID,IMAGE_URL,USER_ID) values (3,'https://kayden.biz',2);
Insert into CPAPAI.STORIES (ID,IMAGE_URL,USER_ID) values (4,'http://emery.net',3);
Insert into CPAPAI.STORIES (ID,IMAGE_URL,USER_ID) values (5,'https://elmore.org',2);
Insert into CPAPAI.STORIES (ID,IMAGE_URL,USER_ID) values (6,'http://tressie.info',2);
Insert into CPAPAI.STORIES (ID,IMAGE_URL,USER_ID) values (7,'http://bonnie.info',1);
Insert into CPAPAI.STORIES (ID,IMAGE_URL,USER_ID) values (8,'https://julian.net',4);
Insert into CPAPAI.STORIES (ID,IMAGE_URL,USER_ID) values (9,'http://fabiola.org',5);
Insert into CPAPAI.STORIES (ID,IMAGE_URL,USER_ID) values (10,'http://rosetta.net',6);
Insert into CPAPAI.STORIES (ID,IMAGE_URL,USER_ID) values (11,'http://laila.info',3);
Insert into CPAPAI.STORIES (ID,IMAGE_URL,USER_ID) values (12,'https://trinity.biz',2);
Insert into CPAPAI.STORIES (ID,IMAGE_URL,USER_ID) values (13,'http://kaleigh.biz',1);
REM INSERTING into CPAPAI.TAGS
SET DEFINE OFF;
Insert into CPAPAI.TAGS (ID,TAG_NAME) values (1,'photo');
Insert into CPAPAI.TAGS (ID,TAG_NAME) values (2,'photography');
Insert into CPAPAI.TAGS (ID,TAG_NAME) values (3,'amazing');
Insert into CPAPAI.TAGS (ID,TAG_NAME) values (4,'yolo');
Insert into CPAPAI.TAGS (ID,TAG_NAME) values (5,'pic');
Insert into CPAPAI.TAGS (ID,TAG_NAME) values (6,'instapic');
Insert into CPAPAI.TAGS (ID,TAG_NAME) values (7,'model');
Insert into CPAPAI.TAGS (ID,TAG_NAME) values (8,'goodvibes');
Insert into CPAPAI.TAGS (ID,TAG_NAME) values (9,'journey');
Insert into CPAPAI.TAGS (ID,TAG_NAME) values (10,'holiday');
REM INSERTING into CPAPAI.USERS
SET DEFINE OFF;
Insert into CPAPAI.USERS (ID,USER_NAME,CREATED_AT) values (1,'zsolti',to_timestamp('06-DEC-22 03.17.39.941553000 PM','DD-MON-RR HH.MI.SSXFF AM'));
Insert into CPAPAI.USERS (ID,USER_NAME,CREATED_AT) values (2,'otto',to_timestamp('11-DEC-22 08.52.43.700138000 PM','DD-MON-RR HH.MI.SSXFF AM'));
Insert into CPAPAI.USERS (ID,USER_NAME,CREATED_AT) values (3,'sergiu',to_timestamp('11-DEC-22 08.52.43.710951000 PM','DD-MON-RR HH.MI.SSXFF AM'));
Insert into CPAPAI.USERS (ID,USER_NAME,CREATED_AT) values (4,'alice',to_timestamp('11-DEC-22 08.53.21.237023000 PM','DD-MON-RR HH.MI.SSXFF AM'));
Insert into CPAPAI.USERS (ID,USER_NAME,CREATED_AT) values (5,'fekete',to_timestamp('11-DEC-22 08.53.21.245342000 PM','DD-MON-RR HH.MI.SSXFF AM'));
Insert into CPAPAI.USERS (ID,USER_NAME,CREATED_AT) values (6,'tivadar',to_timestamp('11-DEC-22 08.53.21.254570000 PM','DD-MON-RR HH.MI.SSXFF AM'));
Insert into CPAPAI.USERS (ID,USER_NAME,CREATED_AT) values (7,'amalia',to_timestamp('12-DEC-22 12.12.01.929131000 AM','DD-MON-RR HH.MI.SSXFF AM'));
--------------------------------------------------------
--  DDL for Index PK_EMP
--------------------------------------------------------

  CREATE UNIQUE INDEX "CPAPAI"."PK_EMP" ON "CPAPAI"."EMP" ("EMPNO") 
  PCTFREE 10 INITRANS 2 MAXTRANS 255 COMPUTE STATISTICS 
  STORAGE(INITIAL 16384 NEXT 16384 MINEXTENTS 1 MAXEXTENTS 2147483645
  PCTINCREASE 0 FREELISTS 1 FREELIST GROUPS 1
  BUFFER_POOL DEFAULT FLASH_CACHE DEFAULT CELL_FLASH_CACHE DEFAULT)
  TABLESPACE "II_DATA" ;
--------------------------------------------------------
--  DDL for Index PK_DEPT
--------------------------------------------------------

  CREATE UNIQUE INDEX "CPAPAI"."PK_DEPT" ON "CPAPAI"."DEPT" ("DEPTNO") 
  PCTFREE 10 INITRANS 2 MAXTRANS 255 COMPUTE STATISTICS 
  STORAGE(INITIAL 16384 NEXT 16384 MINEXTENTS 1 MAXEXTENTS 2147483645
  PCTINCREASE 0 FREELISTS 1 FREELIST GROUPS 1
  BUFFER_POOL DEFAULT FLASH_CACHE DEFAULT CELL_FLASH_CACHE DEFAULT)
  TABLESPACE "II_DATA" ;
--------------------------------------------------------
--  Constraints for Table TAGS
--------------------------------------------------------

  ALTER TABLE "CPAPAI"."TAGS" MODIFY ("TAG_NAME" NOT NULL ENABLE);
  ALTER TABLE "CPAPAI"."TAGS" ADD PRIMARY KEY ("ID")
  USING INDEX PCTFREE 10 INITRANS 2 MAXTRANS 255 COMPUTE STATISTICS 
  STORAGE(INITIAL 16384 NEXT 16384 MINEXTENTS 1 MAXEXTENTS 2147483645
  PCTINCREASE 0 FREELISTS 1 FREELIST GROUPS 1
  BUFFER_POOL DEFAULT FLASH_CACHE DEFAULT CELL_FLASH_CACHE DEFAULT)
  TABLESPACE "II_DATA"  ENABLE;
  ALTER TABLE "CPAPAI"."TAGS" ADD UNIQUE ("TAG_NAME")
  USING INDEX PCTFREE 10 INITRANS 2 MAXTRANS 255 COMPUTE STATISTICS 
  STORAGE(INITIAL 16384 NEXT 16384 MINEXTENTS 1 MAXEXTENTS 2147483645
  PCTINCREASE 0 FREELISTS 1 FREELIST GROUPS 1
  BUFFER_POOL DEFAULT FLASH_CACHE DEFAULT CELL_FLASH_CACHE DEFAULT)
  TABLESPACE "II_DATA"  ENABLE;
--------------------------------------------------------
--  Constraints for Table PHOTO_TAGS
--------------------------------------------------------

  ALTER TABLE "CPAPAI"."PHOTO_TAGS" MODIFY ("PHOTO_ID" NOT NULL ENABLE);
  ALTER TABLE "CPAPAI"."PHOTO_TAGS" MODIFY ("TAG_ID" NOT NULL ENABLE);
  ALTER TABLE "CPAPAI"."PHOTO_TAGS" ADD PRIMARY KEY ("PHOTO_ID", "TAG_ID")
  USING INDEX PCTFREE 10 INITRANS 2 MAXTRANS 255 COMPUTE STATISTICS 
  STORAGE(INITIAL 16384 NEXT 16384 MINEXTENTS 1 MAXEXTENTS 2147483645
  PCTINCREASE 0 FREELISTS 1 FREELIST GROUPS 1
  BUFFER_POOL DEFAULT FLASH_CACHE DEFAULT CELL_FLASH_CACHE DEFAULT)
  TABLESPACE "II_DATA"  ENABLE;
--------------------------------------------------------
--  Constraints for Table DEPT
--------------------------------------------------------

  ALTER TABLE "CPAPAI"."DEPT" ADD CONSTRAINT "PK_DEPT" PRIMARY KEY ("DEPTNO")
  USING INDEX PCTFREE 10 INITRANS 2 MAXTRANS 255 COMPUTE STATISTICS 
  STORAGE(INITIAL 16384 NEXT 16384 MINEXTENTS 1 MAXEXTENTS 2147483645
  PCTINCREASE 0 FREELISTS 1 FREELIST GROUPS 1
  BUFFER_POOL DEFAULT FLASH_CACHE DEFAULT CELL_FLASH_CACHE DEFAULT)
  TABLESPACE "II_DATA"  ENABLE;
--------------------------------------------------------
--  Constraints for Table FOLLOWS
--------------------------------------------------------

  ALTER TABLE "CPAPAI"."FOLLOWS" MODIFY ("FOLLOWER_ID" NOT NULL ENABLE);
  ALTER TABLE "CPAPAI"."FOLLOWS" MODIFY ("FOLLOWEE_ID" NOT NULL ENABLE);
  ALTER TABLE "CPAPAI"."FOLLOWS" ADD PRIMARY KEY ("FOLLOWER_ID", "FOLLOWEE_ID")
  USING INDEX PCTFREE 10 INITRANS 2 MAXTRANS 255 COMPUTE STATISTICS 
  STORAGE(INITIAL 16384 NEXT 16384 MINEXTENTS 1 MAXEXTENTS 2147483645
  PCTINCREASE 0 FREELISTS 1 FREELIST GROUPS 1
  BUFFER_POOL DEFAULT FLASH_CACHE DEFAULT CELL_FLASH_CACHE DEFAULT)
  TABLESPACE "II_DATA"  ENABLE;
--------------------------------------------------------
--  Constraints for Table PHOTOS
--------------------------------------------------------

  ALTER TABLE "CPAPAI"."PHOTOS" MODIFY ("IMAGE_URL" NOT NULL ENABLE);
  ALTER TABLE "CPAPAI"."PHOTOS" MODIFY ("USER_ID" NOT NULL ENABLE);
  ALTER TABLE "CPAPAI"."PHOTOS" ADD PRIMARY KEY ("ID")
  USING INDEX PCTFREE 10 INITRANS 2 MAXTRANS 255 COMPUTE STATISTICS 
  STORAGE(INITIAL 16384 NEXT 16384 MINEXTENTS 1 MAXEXTENTS 2147483645
  PCTINCREASE 0 FREELISTS 1 FREELIST GROUPS 1
  BUFFER_POOL DEFAULT FLASH_CACHE DEFAULT CELL_FLASH_CACHE DEFAULT)
  TABLESPACE "II_DATA"  ENABLE;
--------------------------------------------------------
--  Constraints for Table USERS
--------------------------------------------------------

  ALTER TABLE "CPAPAI"."USERS" ADD PRIMARY KEY ("ID")
  USING INDEX PCTFREE 10 INITRANS 2 MAXTRANS 255 COMPUTE STATISTICS 
  STORAGE(INITIAL 16384 NEXT 16384 MINEXTENTS 1 MAXEXTENTS 2147483645
  PCTINCREASE 0 FREELISTS 1 FREELIST GROUPS 1
  BUFFER_POOL DEFAULT FLASH_CACHE DEFAULT CELL_FLASH_CACHE DEFAULT)
  TABLESPACE "II_DATA"  ENABLE;
  ALTER TABLE "CPAPAI"."USERS" ADD UNIQUE ("USER_NAME")
  USING INDEX PCTFREE 10 INITRANS 2 MAXTRANS 255 COMPUTE STATISTICS 
  STORAGE(INITIAL 16384 NEXT 16384 MINEXTENTS 1 MAXEXTENTS 2147483645
  PCTINCREASE 0 FREELISTS 1 FREELIST GROUPS 1
  BUFFER_POOL DEFAULT FLASH_CACHE DEFAULT CELL_FLASH_CACHE DEFAULT)
  TABLESPACE "II_DATA"  ENABLE;
--------------------------------------------------------
--  Constraints for Table COMMENTS
--------------------------------------------------------

  ALTER TABLE "CPAPAI"."COMMENTS" MODIFY ("COMMENT_TEXT" NOT NULL ENABLE);
  ALTER TABLE "CPAPAI"."COMMENTS" MODIFY ("PHOTO_ID" NOT NULL ENABLE);
  ALTER TABLE "CPAPAI"."COMMENTS" MODIFY ("USER_ID" NOT NULL ENABLE);
  ALTER TABLE "CPAPAI"."COMMENTS" ADD PRIMARY KEY ("ID")
  USING INDEX PCTFREE 10 INITRANS 2 MAXTRANS 255 COMPUTE STATISTICS 
  STORAGE(INITIAL 16384 NEXT 16384 MINEXTENTS 1 MAXEXTENTS 2147483645
  PCTINCREASE 0 FREELISTS 1 FREELIST GROUPS 1
  BUFFER_POOL DEFAULT FLASH_CACHE DEFAULT CELL_FLASH_CACHE DEFAULT)
  TABLESPACE "II_DATA"  ENABLE;
--------------------------------------------------------
--  Constraints for Table STORIES
--------------------------------------------------------

  ALTER TABLE "CPAPAI"."STORIES" MODIFY ("IMAGE_URL" NOT NULL ENABLE);
  ALTER TABLE "CPAPAI"."STORIES" MODIFY ("USER_ID" NOT NULL ENABLE);
  ALTER TABLE "CPAPAI"."STORIES" ADD PRIMARY KEY ("ID")
  USING INDEX PCTFREE 10 INITRANS 2 MAXTRANS 255 COMPUTE STATISTICS 
  STORAGE(INITIAL 16384 NEXT 16384 MINEXTENTS 1 MAXEXTENTS 2147483645
  PCTINCREASE 0 FREELISTS 1 FREELIST GROUPS 1
  BUFFER_POOL DEFAULT FLASH_CACHE DEFAULT CELL_FLASH_CACHE DEFAULT)
  TABLESPACE "II_DATA"  ENABLE;
--------------------------------------------------------
--  Constraints for Table SEARCH_INDEXES
--------------------------------------------------------

  ALTER TABLE "CPAPAI"."SEARCH_INDEXES" MODIFY ("USER_ID" NOT NULL ENABLE);
  ALTER TABLE "CPAPAI"."SEARCH_INDEXES" ADD PRIMARY KEY ("ID")
  USING INDEX PCTFREE 10 INITRANS 2 MAXTRANS 255 COMPUTE STATISTICS 
  STORAGE(INITIAL 16384 NEXT 16384 MINEXTENTS 1 MAXEXTENTS 2147483645
  PCTINCREASE 0 FREELISTS 1 FREELIST GROUPS 1
  BUFFER_POOL DEFAULT FLASH_CACHE DEFAULT CELL_FLASH_CACHE DEFAULT)
  TABLESPACE "II_DATA"  ENABLE;
--------------------------------------------------------
--  Constraints for Table LOCATION_INDEXES
--------------------------------------------------------

  ALTER TABLE "CPAPAI"."LOCATION_INDEXES" MODIFY ("LOCATION" NOT NULL ENABLE);
  ALTER TABLE "CPAPAI"."LOCATION_INDEXES" MODIFY ("PHOTO_ID" NOT NULL ENABLE);
  ALTER TABLE "CPAPAI"."LOCATION_INDEXES" ADD PRIMARY KEY ("ID")
  USING INDEX PCTFREE 10 INITRANS 2 MAXTRANS 255 COMPUTE STATISTICS 
  STORAGE(INITIAL 16384 NEXT 16384 MINEXTENTS 1 MAXEXTENTS 2147483645
  PCTINCREASE 0 FREELISTS 1 FREELIST GROUPS 1
  BUFFER_POOL DEFAULT FLASH_CACHE DEFAULT CELL_FLASH_CACHE DEFAULT)
  TABLESPACE "II_DATA"  ENABLE;
--------------------------------------------------------
--  Constraints for Table LIKES
--------------------------------------------------------

  ALTER TABLE "CPAPAI"."LIKES" MODIFY ("PHOTO_ID" NOT NULL ENABLE);
  ALTER TABLE "CPAPAI"."LIKES" MODIFY ("USER_ID" NOT NULL ENABLE);
  ALTER TABLE "CPAPAI"."LIKES" ADD PRIMARY KEY ("USER_ID", "PHOTO_ID")
  USING INDEX PCTFREE 10 INITRANS 2 MAXTRANS 255 COMPUTE STATISTICS 
  STORAGE(INITIAL 16384 NEXT 16384 MINEXTENTS 1 MAXEXTENTS 2147483645
  PCTINCREASE 0 FREELISTS 1 FREELIST GROUPS 1
  BUFFER_POOL DEFAULT FLASH_CACHE DEFAULT CELL_FLASH_CACHE DEFAULT)
  TABLESPACE "II_DATA"  ENABLE;
--------------------------------------------------------
--  Constraints for Table EMP
--------------------------------------------------------

  ALTER TABLE "CPAPAI"."EMP" ADD CONSTRAINT "PK_EMP" PRIMARY KEY ("EMPNO")
  USING INDEX PCTFREE 10 INITRANS 2 MAXTRANS 255 COMPUTE STATISTICS 
  STORAGE(INITIAL 16384 NEXT 16384 MINEXTENTS 1 MAXEXTENTS 2147483645
  PCTINCREASE 0 FREELISTS 1 FREELIST GROUPS 1
  BUFFER_POOL DEFAULT FLASH_CACHE DEFAULT CELL_FLASH_CACHE DEFAULT)
  TABLESPACE "II_DATA"  ENABLE;
--------------------------------------------------------
--  Ref Constraints for Table COMMENTS
--------------------------------------------------------

  ALTER TABLE "CPAPAI"."COMMENTS" ADD FOREIGN KEY ("PHOTO_ID")
	  REFERENCES "CPAPAI"."PHOTOS" ("ID") ENABLE;
  ALTER TABLE "CPAPAI"."COMMENTS" ADD FOREIGN KEY ("USER_ID")
	  REFERENCES "CPAPAI"."USERS" ("ID") ENABLE;
--------------------------------------------------------
--  Ref Constraints for Table EMP
--------------------------------------------------------

  ALTER TABLE "CPAPAI"."EMP" ADD CONSTRAINT "FK_DEPTNO" FOREIGN KEY ("DEPTNO")
	  REFERENCES "CPAPAI"."DEPT" ("DEPTNO") ENABLE;
--------------------------------------------------------
--  Ref Constraints for Table FOLLOWS
--------------------------------------------------------

  ALTER TABLE "CPAPAI"."FOLLOWS" ADD FOREIGN KEY ("FOLLOWER_ID")
	  REFERENCES "CPAPAI"."USERS" ("ID") ENABLE;
  ALTER TABLE "CPAPAI"."FOLLOWS" ADD FOREIGN KEY ("FOLLOWEE_ID")
	  REFERENCES "CPAPAI"."USERS" ("ID") ENABLE;
--------------------------------------------------------
--  Ref Constraints for Table LIKES
--------------------------------------------------------

  ALTER TABLE "CPAPAI"."LIKES" ADD FOREIGN KEY ("PHOTO_ID")
	  REFERENCES "CPAPAI"."PHOTOS" ("ID") ENABLE;
  ALTER TABLE "CPAPAI"."LIKES" ADD FOREIGN KEY ("USER_ID")
	  REFERENCES "CPAPAI"."USERS" ("ID") ENABLE;
--------------------------------------------------------
--  Ref Constraints for Table LOCATION_INDEXES
--------------------------------------------------------

  ALTER TABLE "CPAPAI"."LOCATION_INDEXES" ADD FOREIGN KEY ("PHOTO_ID")
	  REFERENCES "CPAPAI"."PHOTOS" ("ID") ENABLE;
--------------------------------------------------------
--  Ref Constraints for Table PHOTOS
--------------------------------------------------------

  ALTER TABLE "CPAPAI"."PHOTOS" ADD FOREIGN KEY ("USER_ID")
	  REFERENCES "CPAPAI"."USERS" ("ID") ENABLE;
--------------------------------------------------------
--  Ref Constraints for Table PHOTO_TAGS
--------------------------------------------------------

  ALTER TABLE "CPAPAI"."PHOTO_TAGS" ADD FOREIGN KEY ("PHOTO_ID")
	  REFERENCES "CPAPAI"."PHOTOS" ("ID") ENABLE;
  ALTER TABLE "CPAPAI"."PHOTO_TAGS" ADD FOREIGN KEY ("TAG_ID")
	  REFERENCES "CPAPAI"."TAGS" ("ID") ENABLE;
--------------------------------------------------------
--  Ref Constraints for Table SEARCH_INDEXES
--------------------------------------------------------

  ALTER TABLE "CPAPAI"."SEARCH_INDEXES" ADD FOREIGN KEY ("USER_ID")
	  REFERENCES "CPAPAI"."USERS" ("ID") ENABLE;
--------------------------------------------------------
--  Ref Constraints for Table STORIES
--------------------------------------------------------

  ALTER TABLE "CPAPAI"."STORIES" ADD FOREIGN KEY ("USER_ID")
	  REFERENCES "CPAPAI"."USERS" ("ID") ENABLE;

-- select 5 oldest users
select * from 
    (select * from users order by created_at)
where rownum <= 5;

-- what day of the week do most people register
select to_char(created_at, 'DAY') as Day, count(*) as Nr_Created from users
group by to_char(created_at, 'DAY')
order by Nr_Created desc;

-- find users who have never posted a photo
select users.user_name from users
left join photos
    on users.id = photos.user_id
where photos.id is null
order by users.id asc;

-- find maximum liked photo and its creator and like count
select
    users.id,
    user_name,
    photos.id as photo_id,
    image_url,
    count(*)
from photos
inner join likes
    on photos.id = likes.photo_id
inner join users
    on photos.user_id = users.id
group by users.id, user_name, photos.id, image_url
order by count(*) desc
fetch next 1 row only;

-- how many times does the average user post
select
(select count(*) from photos) / (select count(*) from users) as AVG_POST_PER_PERSON from DUAL;

-- top 5 most commonly used hashtags
select
    tags.id,
    tags.tag_name,
    count(*) as NR_OF_TIMES_USED
from tags
inner join photo_tags
    on tags.id = photo_tags.tag_id
group by tags.id, tags.tag_name
order by count(*) desc
fetch next 5 rows only;

-- find users who have liked every single photo on the site
select 
    users.id,
    user_name,
    count(*)
from likes
inner join users
    on likes.user_id = users.id
group by users.id, user_name
having count(*) = (select count(*) from photos);

-- find the location that has been visited the most
select location, count(*) from location_indexes
group by location
having count(*) = 
(
    select max(count(*)) from location_indexes
    group by location
);

-- find who searched the most popular search index
select user_id, users.user_name from search_indexes
inner join users
    on users.id = search_indexes.user_id
where text in 
(
    select text from search_indexes
    group by text
    having count(*) = 
    (
        select max(count(*)) from search_indexes
        group by text
    )
);

-- find the photo which has the most comments, show comments photo and user who commented
select photo_id, comment_text, user_id from comments
where photo_id in 
(
    select photo_id from comments
    group by photo_id
    having count(*) = 
    (
       select max(count(*)) from comments
       group by photo_id
    )
);
 
-- find users who never posted a story
select users.id, users.user_name from users
left join stories
    on users.id = stories.user_id
where stories.id is null;

-- print usser, photo and location
select users.id, users.user_name, photos.id, photos.image_url, location_indexes.location from photos
inner join users
    on photos.user_id = users.id
inner join location_indexes
    on photos.id = location_indexes.photo_id;
 
-- find all pictures with tags   
select photo_id, tag_id, tags.tag_name from photo_tags
inner join tags
    on photo_tags.tag_id = tags.id
order by photo_id asc;

-- select search indexes who are users in the database
select distinct text from search_indexes
where text in
(
    select user_name from users
);

-- list how many followers does each user have
select users.user_name, count(*) from follows
inner join users
    on users.id = follows.followee_id
group by followee_id, users.user_name;

-- select users who are inactive(no photos, no likes given)
select users.user_name from users
left join photos
    on users.id = photos.user_id
left join likes
    on users.id = likes.user_id
where photos.id is null and likes.user_id is null
group by users.user_name;

-- select most active user(s) (most photos, most likes)
select id, user_name from
(
    select users.id, users.user_name from users
    inner join photos
        on users.id = photos.user_id
    group by users.user_name, users.id
    having count(*) = 
    (
        select max(count(*)) from photos
        group by user_id
    )
)
inner join likes
    on id = likes.user_id
group by id, user_name
having count(*) = 
(
    select max(count(*)) from likes
    group by user_id
);

-- select tags with 3-5 length
select * from tags
where length(tag_name) between 3 and 5
order by tag_name;

-- print users and locations where they have been
select users.user_name, location_indexes.location from photos
inner join users
    on users.id = photos.user_id
inner join location_indexes
    on location_indexes.photo_id = photos.id
order by users.user_name;

-- print photos and their author which have been taken in Reghin or Cluj-Napoca
select users.user_name, photos.image_url, location_indexes.location from photos
inner join users
    on photos.user_id = users.id
inner join location_indexes
    on photos.id = location_indexes.photo_id
where location_indexes.location in ('Reghin', 'Cluj-Napoca');